834 Velvet Wagon;02774;Runge;Tennessee
772 Round Pathway;65393;Ishpeming;Iowa
696 Fallen Kennedy;33930;Cooleemee;Mississippi
477 Blue First Village;49520;Standard village;Kentucky
356 Crystal Oak Acres;17669;Farr West;Wisconsin
400 Cedar Isle;89868;Winter Garden;Kentucky
223 Dusty Blossom;83831;Port Costa;Oklahoma
704 S Fawn Gardens;93478;Arma;Mississippi
833 Foggy Pathway;91861;Bruno;Pennsylvania
506 Sunny River Tunnel;03310;Lowry Crossing;Indiana
889 Anchor Pike;26552;Macksville;Arkansas
115 Rustic Bluff Trace;77081;Odell;Massachusetts
944 Green Way;94692;Laurens village;Connecticut
459 Silver Eighth Parade;60276;Royal Palm Estates;Minnesota
213 Grove Overpass;53240;Furnace Creek;California
755 Essex Nook;37135;New Suffolk;Louisiana
361 Misty Oval;18796;Malakoff;New Mexico
226 Dewy Glade;52675;Millersburg;Virginia
684 View Viaduct;59608;Marks;New Jersey